city;cityLabel;Lon;Lat
Q45604;Kandahar;65,716;31,620
Q45313;Herat;62,179;34,374
Q130469;Mazar-i-Sharif;67,117;36,700
Q183303;Jalalabad;70,453;34,430
Q476800;Lashkar Gah;64,372;31,594
Q838954;Sheberghan;65,752;36,665
Q386682;Khost;69,917;33,333
Q173731;Ghazni;68,423;33,549
Q477148;Pul-e Khomri;68,700;35,950
Q19689;Tirana;19,820;41,330
Q159610;Vlorë;19,483;40,450
Q83285;Durrës;19,456;41,324
Q131638;Shkodër;19,500;42,067
Q3561;Algiers;3,059;36,776
Q131818;Oran;-0,633;35,697
Q187346;Constantine;6,615;36,365
Q244004;Sétif;5,410;36,190
Q2794758;Djelfa;3,250;34,667
Q45942;Annaba;7,767;36,900
Q312759;Biskra;5,733;34,850
Q59975;Bejaia;5,064;36,751
Q185134;Tlemcen;-1,317;34,883
Q849561;Chlef;1,332;36,165
Q545707;Mascara;0,133;35,400
Q3897;Luanda;13,234;-8,838
Q207322;Huambo;15,733;-12,767
Q459360;Cabinda;12,200;-5,567
Q207322;Huambo;15,733;-12,767
Q214248;Benguela;13,417;-12,550
Q221914;Moçâmedes;12,151;-15,195
Q1486;Buenos Aires;-58,382;-34,600
Q44210;Córdoba;-64,183;-31,417
Q52535;Rosario;-60,639;-32,958
Q44255;San Miguel de Tucumán;-65,217;-26,817
Q52607;Mar del Plata;-57,550;-38,000
Q36307;Salta;-65,411;-24,788
Q44241;San Juan;-68,536;-31,538
Q1622565;Lanús;-58,400;-34,700
Q44253;Santiago del Estero;-64,267;-27,784
Q44244;Santa Fe;-60,700;-31,633
Q44211;Corrientes;-58,817;-27,483
Q44217;San Salvador de Jujuy;-65,299;-24,186
Q54108;Bahía Blanca;-62,267;-38,717
Q44206;Resistencia;-58,987;-27,451
Q44238;Posadas;-55,897;-27,367
Q828782;Quilmes;-58,267;-34,717
Q2484567;Gregorio de Laferrere;-58,583;-34,750
Q44213;Paraná;-60,530;-31,733
Q1017594;Merlo;-58,728;-34,665
Q994917;González Catán;-58,646;-34,771
Q44239;Neuquén;-68,059;-38,952
Q44214;Formosa;-58,176;-26,185
Q2224587;José C, Paz;-58,767;-34,517
Q44059;La Plata;-57,950;-34,933
Q1189982;Godoy Cruz;-68,833;-32,917
Q2700395;Isidro Casanova;-58,583;-34,700
Q44236;La Rioja;-66,856;-29,413
Q548807;Berazategui;-58,213;-34,768
Q1496283;Moreno;-58,787;-34,658
Q44243;San Luis;-66,339;-33,299
Q1385982;Ezeiza;-58,517;-34,833
Q377965;San Nicolás de los Arroyos;-60,217;-33,333
Q44162;San Fernando del Valle de Catamarca;-65,779;-28,469
Q983451;Río Cuarto;-64,348;-33,123
Q6163801;Virrey del Pino;-58,652;-34,845
Q52578;Concordia;-58,017;-31,392
Q2471226;Rafael Castillo;-58,617;-34,717
Q2359107;Florencio Varela;-58,383;-34,817
Q2466841;San Justo;-58,550;-34,683
Q5124156;Ciudad Madero;-58,500;-34,683
Q596012;Temperley;-58,383;-34,767
Q2076464;Ramos Mejía;-58,567;-34,650
Q23044;San Rafael;-68,336;-34,618
Q1000336;Tandil;-59,133;-37,317
Q748028;Puerto Madryn;-65,037;-42,773
Q44237;Mendoza;-68,833;-32,883
Q47772;Bariloche;-71,300;-41,150
Q642057;Lomas de Zamora;-58,400;-34,767
Q1756745;Villa Mercedes;-65,467;-33,667
Q822196;Bernal;-58,283;-34,700
Q1953;Yerevan;44,514;40,181
Q199500;Gyumri;43,833;40,783
Q3130;Sydney;151,210;-33,868
Q3141;Melbourne;144,963;-37,814
Q34932;Brisbane;153,028;-27,468
Q3183;Perth;115,861;-31,956
Q5112;Adelaide;138,600;-34,928
Q140075;Gold Coast;153,400;-28,017
Q3114;Canberra;149,127;-35,293
Q40191;Hobart;147,317;-42,883
Q231765;Geelong;144,350;-38,150
Q231765;Geelong;144,350;-38,150
Q190021;Townsville;146,816;-19,262
Q190021;Townsville;146,816;-19,262
Q1009253;Ipswich;152,767;-27,617
Q57278;Newcastle;151,750;-32,917
Q189133;Cairns;145,775;-16,926
Q11568;Darwin;130,841;-12,438
Q478302;Toowoomba;151,950;-27,550
Q478302;Toowoomba;151,950;-27,550
Q339527;Launceston;147,138;-41,444
Q13298;Graz;15,439;47,071
Q41329;Linz;14,286;48,306
Q34713;Salzburg;13,045;47,800
Q1735;Innsbruck;11,393;47,268
Q41753;Klagenfurt;14,300;46,617
Q174684;Tuzla;18,676;44,538
Q179833;Sumgait;49,640;40,592
Q131290;Ganja;46,361;40,683
Q3882;Manama;50,578;26,225
Q1771398;Riffa;50,555;26,130
Q243325;Khulna;89,550;22,817
Q466221;Sylhet;91,867;24,900
Q322155;Rajshahi;88,600;24,367
Q747840;Barishal;90,367;22,700
Q994514;Rangpur;89,244;25,750
Q897320;Brahmanbaria;91,110;23,972
Q747840;Barishal;90,367;22,700
Q2799572;Narsingdi;90,717;23,900
Q949746;Cox's Bazar;92,017;21,583
Q36168;Bridgetown;-59,617;13,098
Q2280;Minsk;27,562;53,902
Q2678;Gomel;30,983;52,442
Q102217;Vitebsk;30,167;55,183
Q181376;Hrodna;23,817;53,667
Q154835;Mahilioŭ;30,343;53,909
Q140147;Brest;23,657;52,085
Q207294;Babruysk;29,233;53,150
Q237655;Baranavichy;25,983;53,117
Q19313;Barysaw;28,512;54,224
Q204150;Pinsk;26,103;52,115
Q386487;Mazyr;29,233;52,050
Q240;Brussels-Capital Region;4,353;50,847
Q12892;Antwerp;4,400;51,221
Q1296;Ghent;3,725;51,054
Q81046;Charleroi;4,444;50,417
Q3992;Liège;5,571;50,640
Q239;Brussels;4,352;50,847
Q12886;Anderlecht;4,330;50,839
Q12994;Bruges;3,224;51,209
Q134121;Namur;4,867;50,467
Q118958;Leuven;4,704;50,878
Q43595;Cotonou;2,417;6,367
Q9270;Thimphu;89,633;27,483
Q170688;Santa Cruz de la Sierra;-63,198;-17,789
Q1491;La Paz;-68,148;-16,494
Q30996;El Alto;-68,163;-16,505
Q183124;Cochabamba;-66,157;-17,394
Q2907;Sucre;-65,260;-19,048
Q35246;Oruro;-67,117;-17,967
Q35045;Potosí;-65,753;-19,589
Q35004;Tarija;-64,734;-21,534
Q995727;Sacaba;-66,041;-17,404
Q1002090;Quillacollo;-66,282;-17,398
Q990706;Montero;-63,383;-17,333
Q11194;Sarajevo;18,413;43,856
Q131127;Banja Luka;17,193;44,773
Q207801;Bijeljina;19,217;44,750
Q174684;Tuzla;18,676;44,538
Q3919;Gaborone;25,909;-24,657
Q3919;Gaborone;25,909;-24,657
Q3919;Gaborone;25,909;-24,657
Q174;São Paulo;-46,634;-23,550
Q8678;Rio de Janeiro;-43,206;-22,911
Q2844;Brasília;-47,883;-15,794
Q40236;Manaus;-60,017;-3,100
Q4361;Curitiba;-49,272;-25,430
Q12829733;Belém;-48,504;-1,456
Q40269;Porto Alegre;-51,230;-30,033
Q184409;Guarulhos;-46,533;-23,467
Q171617;Campinas;-47,057;-22,901
Q28441;São Luís;-44,303;-2,530
Q83114;São Gonçalo;-43,054;-22,827
Q168929;Campo Grande;-54,622;-20,469
Q193021;Duque de Caxias;-43,312;-22,786
Q131620;Natal;-35,209;-5,795
Q165341;Teresina;-42,804;-5,095
Q165341;Teresina;-42,804;-5,095
Q184403;São Bernardo do Campo;-46,565;-23,694
Q188897;Nova Iguaçu;-43,451;-22,759
Q167436;João Pessoa;-34,880;-7,120
Q184403;São Bernardo do Campo;-46,565;-23,694
Q167436;João Pessoa;-34,880;-7,120
Q188897;Nova Iguaçu;-43,451;-22,759
Q191642;São José dos Campos;-45,887;-23,179
Q191652;Santo André;-46,528;-23,653
Q188892;Ribeirão Preto;-47,807;-21,178
Q271393;Jaboatão dos Guararapes;-35,015;-8,113
Q194328;Uberlândia;-48,277;-18,919
Q4035;Osasco;-46,792;-23,533
Q271333;Contagem;-44,054;-19,932
Q188901;Sorocaba;-47,458;-23,502
Q271393;Jaboatão dos Guararapes;-35,015;-8,113
Q170578;Aracaju;-37,050;-10,917
Q170762;Cuiabá;-56,097;-15,596
Q194343;Feira de Santana;-38,967;-12,267
Q194328;Uberlândia;-48,277;-18,919
Q156819;Joinville;-48,846;-26,304
Q459711;Aparecida de Goiânia;-49,245;-16,822
Q170762;Cuiabá;-56,097;-15,596
Q193019;Juiz de Fora;-43,350;-21,750
Q192387;Londrina;-51,163;-23,310
Q485887;Ananindeua;-48,372;-1,366
Q485887;Ananindeua;-48,372;-1,366
Q110017;Caxias do Sul;-51,179;-29,168
Q156819;Joinville;-48,846;-26,304
Q737636;Belford Roxo;-43,399;-22,764
Q180215;Macapá;-51,065;0,033
Q689868;Campos dos Goytacazes;-41,324;-21,754
Q178725;Niterói;-43,104;-22,883
Q927537;Serra;-40,308;-20,129
Q132997;Florianópolis;-48,553;-27,593
Q203476;Port Blair;92,750;11,667
Q472;Sofia;23,322;42,698
Q472;Sofia;23,322;42,698
Q459;Plovdiv;24,741;42,142
Q6506;Varna;27,911;43,211
Q6506;Varna;27,911;43,211
Q6509;Burgas;27,470;42,503
Q6509;Burgas;27,470;42,503
Q160173;Ruse;25,954;43,845
Q170415;Stara Zagora;25,635;42,426
Q160173;Ruse;25,954;43,845
Q170415;Stara Zagora;25,635;42,426
Q165420;Pleven;24,617;43,413
Q3777;Ouagadougou;-1,528;12,369
Q3854;Bujumbura;29,361;-3,383
Q1850;Phnom Penh;104,921;11,570
Q132830;Douala;9,700;4,050
Q132830;Douala;9,700;4,050
Q132830;Douala;9,700;4,050
Q157915;Garoua;13,400;9,300
Q528432;Bamenda;10,152;5,961
Q745906;Ngaoundéré;13,584;7,321
Q657734;Bertoua;13,683;4,583
Q312209;Buea;9,233;4,167
Q1002900;Edéa;10,133;3,800
Q172;Toronto;-79,387;43,670
Q36312;Calgary;-114,067;51,050
Q2096;Edmonton;-113,500;53,533
Q1930;Ottawa;-75,695;45,425
Q50816;Mississauga;-79,650;43,600
Q2135;Winnipeg;-97,150;49,883
Q24639;Vancouver;-123,114;49,261
Q44198;Brampton;-79,767;43,683
Q2145;Quebec City;-71,224;46,816
Q133116;Hamilton;-79,869;43,257
Q390583;Surrey;-122,850;49,183
Q2141;Halifax;-63,571;44,648
Q141810;Laval;-73,750;45,583
Q92561;London;-81,250;42,984
Q44016;Markham;-79,250;43,883
Q44013;Vaughan;-79,500;43,833
Q141844;Gatineau;-75,650;45,483
Q10566;Saskatoon;-106,683;52,133
Q200166;Kitchener;-80,483;43,450
Q182625;Windsor;-83,035;42,317
Q2123;Regina;-104,607;50,455
Q34183;Barrie;-79,686;44,390
Q52998;Richmond Hill;-79,437;43,871
Q34218;Burlington;-79,800;43,325
Q139473;Sherbrooke;-71,900;45,400
Q211867;Oshawa;-78,850;43,900
Q139208;Lévis;-71,183;46,800
Q139229;Saguenay;-71,067;48,417
Q139229;Saguenay;-71,067;48,417
Q271730;Abbotsford;-122,328;49,055
Q643215;Coquitlam;-122,783;49,267
Q643215;Coquitlam;-122,792;49,284
Q44012;Trois-Rivières;-72,550;46,350
Q126805;St, Catharines;-79,233;43,183
Q504114;Guelph;-80,250;43,550
Q1028279;Cambridge;-80,314;43,358
Q232226;Kelowna;-119,444;49,880
Q202973;Kingston;-76,500;44,233
Q139190;Terrebonne;-73,633;45,700
Q2082;St, John's;-52,707;47,568
Q34116;Thunder Bay;-89,246;48,382
Q639408;Waterloo;-80,517;43,467
Q113464;Chatham-Kent;-82,183;42,400
Q23025;Red Deer;-113,811;52,268
Q23025;Red Deer;-113,811;52,268
Q3751;Praia;-23,509;14,918
Q3751;Praia;-23,509;14,918
Q3751;Praia;-23,509;14,918
Q3832;Bangui;18,563;4,373
Q3659;N'Djamena;15,050;12,110
Q333074;Moundou;16,083;8,567
Q2887;Santiago;-70,667;-33,450
Q3612;Antofagasta;-70,398;-23,646
Q184345;Viña del Mar;-71,552;-33,025
Q33986;Valparaíso;-71,620;-33,046
Q82128;Temuco;-72,590;-38,740
Q4582;Rancagua;-70,740;-34,165
Q1880;Concepción;-73,050;-36,827
Q4469;Talca;-71,666;-35,427
Q3871;Coquimbo;-71,338;-29,953
Q2203;Arica;-70,317;-18,475
Q14467;La Serena;-71,252;-29,903
Q14440;Iquique;-70,152;-20,214
Q36214;Puerto Montt;-72,940;-41,472
Q3774;Chillán;-72,103;-36,607
Q13030;Curicó;-71,239;-34,985
Q3868;Copiapó;-70,332;-27,367
Q160687;Valdivia;-73,246;-39,814
Q51059;Osorno;-73,150;-40,567
Q16910;Los Ángeles;-72,352;-37,471
Q174744;Villa Alemana;-71,374;-33,043
Q51599;Punta Arenas;-70,908;-53,163
Q2841;Bogotá;-74,082;4,610
Q48278;Medellín;-75,575;6,245
Q51103;Cali;-76,520;3,440
Q62823;Barranquilla;-74,802;10,983
Q657461;Cartagena de Indias;-75,525;10,424
Q216847;Cúcuta;-72,505;7,908
Q749224;Villavicencio;-73,629;4,143
Q51111;Pereira;-75,695;4,814
Q243766;Bucaramanga;-73,116;7,119
Q376903;Valledupar;-73,260;10,460
Q222755;Ibagué;-75,201;4,438
Q209016;Santa Marta;-74,202;11,236
Q852725;Montería;-75,886;8,760
Q638260;Neiva;-75,288;2,928
Q328518;Armenia;-75,673;4,539
Q335135;Popayán;-76,606;2,441
Q1043513;Sincelejo;-75,396;9,299
Q849859;Florencia;-75,612;1,614
Q826566;Riohacha;-72,907;11,544
Q816420;Quibdó;-76,658;5,692
Q3070;San José;-84,080;9,933
Q1435;Zagreb;15,977;45,813
Q1663;Split;16,440;43,510
Q1647;Rijeka;14,433;45,333
Q117040;Santiago de Cuba;-75,829;20,022
Q244154;Holguín;-76,263;20,887
Q115329;Camagüey;-77,919;21,379
Q211590;Santa Clara;-79,953;22,407
Q115382;Bayamo;-76,643;20,382
Q185156;Guantánamo;-75,206;20,138
Q115527;Las Tunas;-76,950;20,967
Q244139;Pinar del Río;-83,672;22,412
Q190005;Cienfuegos;-80,436;22,146
Q115403;Manzanillo;-77,109;20,340
Q272471;Matanzas;-81,574;23,049
Q115465;Ciego de Ávila;-78,763;21,848
Q845720;Sancti Spíritus;-79,444;21,934
Q132679;Willemstad;-68,935;12,108
Q3856;Nicosia;33,365;35,173
Q185632;Limassol;33,044;34,675
Q1085;Prague;14,421;50,088
Q14960;Brno;16,608;49,195
Q8385;Ostrava;18,293;49,836
Q43453;Plzeň;13,383;49,741
Q146351;Liberec;15,058;50,770
Q205327;Kananga;22,417;-5,896
Q187593;Lubumbashi;27,483;-11,664
Q146723;Kisangani;25,191;0,515
Q18780;Likasi;26,733;-10,983
Q518785;Butembo;29,299;0,125
Q1748;Copenhagen;12,569;55,676
Q25319;Aarhus;10,210;56,156
Q25331;Odense;10,383;55,400
Q25410;Aalborg;9,917;57,050
Q30096;Frederiksberg;12,536;55,678
Q3604;Djibouti;43,148;11,595
Q34820;Santo Domingo;-69,893;18,476
Q34820;Santo Domingo;-69,893;18,476
Q538953;La Vega;-70,528;19,224
Q681999;San Francisco de Macorís;-70,250;19,300
Q9310;Dili;125,578;-8,554
Q43509;Guayaquil;-79,888;-2,190
Q1120810;Durán;-79,831;-2,173
Q85;Cairo;31,236;30,044
Q87;Alexandria;29,893;31,198
Q269960;Shubra El-Kheima;31,242;30,129
Q223587;Mansoura;31,383;31,050
Q771345;Helwan;31,334;29,842
Q312723;Cairo;31,167;30,967
Q134509;Port Said;32,306;31,263
Q134514;Suez;32,533;29,967
Q271771;Tanta;31,000;30,783
Q29962;Asyut;31,171;27,187
Q203299;Faiyum;30,833;29,300
Q140304;Zagazig;31,500;30,567
Q217156;Ismailia;32,267;30,583
Q29888;Aswan;32,900;24,089
Q335769;Kafr el-Dawwar;30,130;31,134
Q328153;Damanhur;30,467;31,050
Q310117;Minya;30,750;28,083
Q393498;Mallawi;30,843;27,731
Q189383;Damietta;31,821;31,417
Q130514;Luxor;32,642;25,697
Q336661;Qena;32,717;26,167
Q388108;Sohag;31,692;26,561
Q394080;Beni Suef;31,083;29,067
Q31350;Shibin Al Kawm;31,000;30,550
Q238452;Arish;33,800;31,133
Q187284;Hurghada;33,812;27,258
Q336966;Banha;31,180;30,463
Q335708;6th of October City;30,927;29,936
Q328176;Kafr el-Sheikh;30,950;31,100
Q395863;Desouk;30,648;31,133
Q393495;Bilbeis;31,567;30,417
Q239107;Edfu;32,879;24,978
Q337123;Mit Ghamr;31,263;30,719
Q12242935;Musturud;31,292;30,139
Q749187;Girga;31,892;26,338
Q340572;Akhmim;31,746;26,564
Q3110;San Salvador;-89,191;13,699
Q739664;Santa Ana;-89,533;13,983
Q672458;San Miguel;-88,183;13,483
Q723246;Santa Tecla;-89,288;13,674
Q186935;Ahuachapán;-89,845;13,924
Q3818;Malabo;8,774;3,752
Q320792;Bata;9,770;1,865
Q320792;Bata;9,770;1,865
Q3818;Malabo;8,774;3,752
Q3818;Malabo;8,774;3,752
Q3642;Asmara;38,917;15,333
Q1770;Tallinn;24,745;59,437
Q495730;Manzini;31,367;-26,483
Q3624;Addis Ababa;38,737;9,027
Q218861;Gondar;37,467;12,600
Q332319;Mek'ele;39,477;13,497
Q755765;Hawaasa;38,467;7,050
Q193486;Dire Dawa;41,867;9,583
Q464699;Bahir Dar;37,390;11,585
Q755752;Dessie;39,633;11,133
Q385341;Jimma;36,833;7,667
Q755763;Jijiga;42,800;9,350
Q190184;Harar;42,128;9,311
Q1757;Helsinki;24,934;60,176
Q47034;Espoo;24,660;60,210
Q40840;Tampere;23,760;61,498
Q47048;Oulu;25,472;65,014
Q38511;Turku;22,270;60,452
Q134620;Jyväskylä;25,733;62,233
Q162279;Kuopio;27,678;62,893
Q28911;Lahti;25,655;60,980
Q23482;Marseille;5,376;43,297
Q456;Lyon;4,841;45,759
Q7880;Toulouse;1,444;43,604
Q33959;Nice;7,268;43,702
Q12191;Nantes;-1,554;47,217
Q6441;Montpellier;3,877;43,611
Q6602;Strasbourg;7,752;48,573
Q1479;Bordeaux;-0,579;44,838
Q648;Lille;3,058;50,632
Q647;Rennes;-1,681;48,114
Q41876;Reims;4,029;49,265
Q44160;Toulon;5,931;43,125
Q42716;Saint-Étienne;4,390;45,434
Q42810;Le Havre;0,108;49,494
Q1289;Grenoble;5,726;45,187
Q7003;Dijon;5,042;47,323
Q38380;Angers;-0,556;47,473
Q47045;Saint-Denis;55,448;-20,879
Q582;Villeurbanne;4,879;45,766
Q42807;Nîmes;4,360;43,837
Q42168;Clermont-Ferrand;3,087;45,780
Q47465;Aix-en-Provence;5,446;43,528
Q1476;Le Mans;0,197;48,004
Q12193;Brest;-4,487;48,390
Q288;Tours;0,688;47,393
Q41604;Amiens;2,298;49,892
Q45656;Limoges;1,262;45,834
Q50189;Annecy;6,129;45,899
Q172455;Boulogne-Billancourt;2,241;48,835
Q6730;Perpignan;2,895;42,698
Q22690;Metz;6,177;49,120
Q37776;Besançon;6,021;47,242
Q6548;Orléans;1,904;47,902
Q160506;Saint-Denis;2,354;48,936
Q30974;Rouen;1,103;49,443
Q193370;Montreuil;2,443;48,860
Q181946;Argenteuil;2,248;48,948
Q79815;Mulhouse;7,339;47,749
Q41185;Caen;-0,371;49,182
Q40898;Nancy;6,184;48,693
Q316887;Saint-Paul;55,270;-21,010
Q383622;Pakse;105,783;15,117
Q3825;Libreville;9,454;0,390
Q994;Tbilisi;44,793;41,723
Q25475;Batumi;41,642;41,646
Q172415;Kutaisi;42,700;42,250
Q182521;Rustavi;45,011;41,547
Q56037;East Berlin;13,404;52,519
Q64;Berlin;13,383;52,517
Q64;Berlin;13,383;52,517
Q1055;Hamburg;10,000;53,550
Q1726;Munich;11,575;48,138
Q365;Cologne;6,958;50,942
Q365;Cologne;6,958;50,942
Q1794;Frankfurt am Main;8,682;50,111
Q1022;Stuttgart;9,180;48,778
Q1718;Düsseldorf;6,772;51,231
Q2079;Leipzig;12,375;51,340
Q1295;Dortmund;7,465;51,514
Q2066;Essen;7,013;51,451
Q24879;Bremen;8,809;53,077
Q1731;Dresden;13,740;51,050
Q1715;Hanover;9,739;52,374
Q2090;Nuremberg;11,078;49,454
Q2100;Duisburg;6,761;51,432
Q2103;Bochum;7,217;51,483
Q2107;Wuppertal;7,183;51,267
Q2112;Bielefeld;8,533;52,017
Q586;Bonn;7,100;50,734
Q2742;Münster;7,626;51,963
Q2119;Mannheim;8,466;49,488
Q1040;Karlsruhe;8,400;49,017
Q2749;Augsburg;10,898;48,369
Q1721;Wiesbaden;8,240;50,083
Q2758;Mönchengladbach;6,433;51,200
Q2765;Gelsenkirchen;7,100;51,517
Q1017;Aachen;6,084;50,776
Q2773;Brunswick;10,521;52,269
Q2795;Chemnitz;12,917;50,833
Q1707;Kiel;10,139;54,323
Q2814;Halle (Saale);11,970;51,483
Q1733;Magdeburg;11,639;52,132
Q1733;Magdeburg;11,639;52,132
Q2833;Freiburg im Breisgau;7,850;47,995
Q2805;Krefeld;6,567;51,333
Q1720;Mainz;8,267;50,000
Q2843;Lübeck;10,686;53,870
Q1729;Erfurt;11,029;50,978
Q2838;Oberhausen;6,851;51,470
Q2865;Kassel;9,498;51,316
Q2871;Hagen;7,475;51,359
Q1711;Potsdam;13,067;52,400
Q1724;Saarbrücken;7,000;49,233
Q2880;Hamm;7,817;51,667
Q2910;Ludwigshafen;8,435;49,481
Q2899;Mülheim an der Ruhr;6,883;51,428
Q2936;Oldenburg;8,214;53,144
Q2916;Osnabrück;8,043;52,279
Q3761;Accra;-0,217;5,533
Q217040;Tamale;-0,853;9,408
Q243293;Sekondi-Takoradi;-1,767;4,917
Q217040;Tamale;-0,853;9,408
Q1020901;Obuasi;-1,683;6,200
Q726143;Tema;-0,017;5,667
Q406358;Koforidua;-0,267;6,100
Q1524;Athens;23,728;37,984
Q17151;Thessaloniki;22,936;40,640
Q133123;Patras;21,733;38,250
Q58976;Piraeus;23,647;37,943
Q178405;Larissa;22,413;39,638
Q160544;Heraklion;25,134;35,340
Q652895;Peristeri;23,683;38,017
Q478518;Kallithea;23,700;37,950
Q1555;Guatemala City;-90,525;14,610
Q334577;Quetzaltenango;-91,517;14,833
Q1023359;Jalapa;-89,990;14,638
Q991400;Puerto Barrios;-88,600;15,730
Q740687;Guéckédougou;-10,133;8,567
Q1020384;Labé;-12,283;11,317
Q3739;Bissau;-15,596;11,859
Q10717;Georgetown;-58,151;6,806
Q34261;Port-au-Prince;-72,339;18,543
Q986207;Carrefour;-72,400;18,533
Q1001440;Pétion-Ville;-72,286;18,510
Q1001440;Pétion-Ville;-72,286;18,510
Q852550;Gonaïves;-72,688;19,446
Q997821;Delmas;-72,300;18,550
Q216835;Cap-Haïtien;-72,200;19,750
Q132189;Saint-Marc;-72,700;19,117
Q3238;Tegucigalpa;-87,204;14,106
Q274584;San Pedro Sula;-88,025;15,505
Q916536;La Ceiba;-86,791;15,784
Q1773148;Choluteca;-87,184;13,301
Q679169;Comayagua;-87,637;14,453
Q773764;Juticalpa;-86,219;14,666
Q79880;Debrecen;21,639;47,530
Q81581;Szeged;20,167;46,250
Q102397;Miskolc;20,783;48,100
Q45779;Pécs;18,233;46,071
Q134494;Győr;17,634;47,684
Q171223;Nyíregyháza;21,717;47,950
Q171357;Kecskemét;19,692;46,907
Q1764;Reykjavík;-21,935;64,148
Q1355;Bangalore;77,591;12,979
Q1352;Chennai;80,275;13,083
Q1070;Ahmedabad;72,580;23,030
Q1538;Pune;73,855;18,520
Q4629;Surat;72,830;21,170
Q47916;Lucknow;80,947;26,847
Q66485;Jaipur;75,867;26,917
Q956371;Mirzapur;82,565;25,145
Q956371;Mirzapur;82,580;25,150
Q207098;Ghaziabad;77,417;28,667
Q11909;Vadodara;73,200;22,300
Q200016;Visakhapatnam;83,317;17,733
Q66616;Indore;75,847;22,721
Q207749;Thane;72,963;19,180
Q80989;Bhopal;77,417;23,250
Q80484;Patna;85,141;25,610
Q860452;Bilaspur;82,017;22,150
Q42941;Agra;78,020;27,180
Q228405;Madurai;78,119;9,920
Q200054;Jamshedpur;86,183;22,800
Q200235;Nashik;73,783;20,000
Q200663;Faridabad;77,300;28,417
Q11854;Rajkot;70,798;22,297
Q200237;Meerut;77,700;28,990
Q200878;Jabalpur;79,933;23,167
Q79980;Varanasi;83,013;25,319
Q170115;Srinagar;74,806;34,091
Q201832;Aligarh;78,080;27,880
Q61445;Navi Mumbai;73,010;19,030
Q199605;Guwahati;91,746;26,172
Q174461;Ranchi;85,335;23,356
Q158467;Gwalior;78,193;26,215
Q43433;Chandigarh;76,791;30,735
Q200017;Vijayawada;80,617;16,517
Q9885;Coimbatore;76,967;11,000
Q207754;Tiruchirappalli;78,693;10,827
Q238508;Gurugram;77,033;28,467
Q171771;Bhubaneswar;85,828;20,264
Q167715;Thiruvananthapuram;76,953;8,488
Q645725;Bhiwandi;73,067;19,300
Q25563103;Warangal;79,601;17,976
Q9863;Salem;78,167;11,650
Q1800;Kochi;76,283;9,967
Q3120966;Guntur;80,450;16,300
Q796739;Bidhannagar;88,420;22,580
Q242144;Bhilai;81,717;21,367
Q207324;Cuttack;85,867;20,450
Q207324;Cuttack;85,879;20,465
Q5088;Durgapur;87,320;23,550
Q202139;Asansol;86,967;23,683
Q3616;Tehran;51,417;35,700
Q121157;Mashhad;59,604;36,307
Q42053;Isfahan;51,675;32,653
Q6397066;Shiraz;52,543;29,610
Q170366;Ahvaz;48,684;31,319
Q180078;Kermanshah;47,069;34,317
Q179665;Urmia;45,068;37,549
Q178373;Rasht;49,589;37,276
Q140561;Zahedan;60,863;29,496
Q28587;Hamadan;48,517;34,800
Q171714;Kerman;57,067;30,283
Q182394;Yazd;54,368;31,897
Q154814;Bandar Abbas;56,250;27,200
Q212628;Arak;49,698;34,095
Q862519;Eslamshahr;51,235;35,552
Q146699;Zanjan;48,483;36,667
Q272093;Sanandaj;46,999;35,310
Q181578;Qazvin;50,004;36,269
Q502212;Khorramabad;48,350;33,467
Q168843;Sari;53,060;36,566
Q188155;Gorgan;54,480;36,830
Q240475;Kashan;51,443;33,988
Q605142;Dezful;48,406;32,381
Q131350;Nishapur;58,796;36,213
Q605157;Babol;52,679;36,551
Q636188;Ray;51,449;35,593
Q765553;Sabzevar;57,682;36,213
Q331078;Amol;52,351;36,470
Q721198;Najafabad;51,365;32,635
Q605454;Borujerd;48,751;33,897
Q63049;Abadan;48,304;30,339
Q158928;Bushehr;50,837;28,969
Q720001;Khomeyni Shahr;51,521;32,700
Q720937;Qaem Shahr;52,861;36,461
Q193806;Birjand;59,221;32,866
Q317946;Bojnord;57,333;37,467
Q605224;Sirjan;55,681;29,452
Q605105;Khoy;44,952;38,550
Q499470;Ilam;46,423;33,638
Q606564;Bukan;46,209;36,521
Q203045;Semnan;53,383;35,583
Q862105;Shahin Shahr;51,548;32,864
Q605209;Malayer;48,820;34,294
Q348972;Saqqez;46,274;36,250
Q386649;Shahr-e Kord;50,864;32,326
Q1975291;Gonbad-e Kavus;55,167;37,250
Q1020637;Jahrom;53,560;28,500
Q765528;Torbat-e Heydarieh;59,219;35,274
Q3015863;Piranshahr;45,142;36,694
Q631517;Marivan;46,176;35,527
Q1530;Baghdad;44,366;33,315
Q83317;Mosul;43,117;36,367
Q48195;Basra;47,810;30,515
Q173310;Kirkuk;44,400;35,467
Q191204;Sulaymaniyah;45,433;35,550
Q192961;Ramadi;43,299;33,426
Q132754;Erbil;44,009;36,191
Q168193;Najaf;44,340;32,029
Q199909;Karbala;44,033;32,617
Q38811;Nasiriya;46,258;31,044
Q243846;Hillah;44,433;32,483
Q366010;Amarah;47,150;31,833
Q270821;Baqubah;44,644;33,745
Q694939;Al Diwaniyah;44,925;31,989
Q328030;Kut;45,819;32,515
Q152831;Duhok;42,983;36,850
Q191170;Fallujah;43,783;33,350
Q750679;Samawah;45,283;31,317
Q186234;Kufa;44,400;32,030
Q170047;Samarra;43,886;34,196
Q842407;Umm Qasr;47,929;30,034
Q165444;Baghdad;43,683;34,600
Q1164081;Al-Faw;48,470;29,980
Q1218;Jerusalem;35,226;31,779
Q33935;Tel Aviv;34,780;32,080
Q41621;Haifa;34,999;32,819
Q201051;Rishon LeZion;34,789;31,971
Q201051;Rishon LeZion;34,800;31,950
Q190828;Petah Tikva;34,883;32,083
Q171639;Ashdod;34,650;31,798
Q192225;Netanya;34,857;32,329
Q41843;Beersheba;34,798;31,259
Q192213;Holon;34,767;32,017
Q152467;Bnei Brak;34,834;32,081
Q192807;Ramat Gan;34,824;32,070
Q60956;Ashkelon;34,566;31,666
Q207350;Rehovot;34,808;31,891
Q207350;Rehovot;34,808;31,891
Q208725;Bat Yam;34,750;32,023
Q152449;Beit Shemesh;34,989;31,751
Q220;Rome;12,483;41,893
Q490;Milan;9,190;45,467
Q2634;Naples;14,250;40,833
Q495;Turin;7,676;45,079
Q2656;Palermo;13,361;38,116
Q1449;Genoa;8,934;44,407
Q1891;Bologna;11,343;44,494
Q2044;Florence;11,254;43,771
Q3519;Bari;16,867;41,125
Q1903;Catania;15,087;37,503
Q2028;Verona;10,993;45,439
Q641;Venice;12,332;45,440
Q13666;Messina;15,554;38,194
Q617;Padua;11,878;45,406
Q546;Trieste;13,770;45,650
Q13498;Taranto;17,243;40,471
Q6221;Brescia;10,220;45,539
Q2683;Parma;10,328;44,801
Q13377;Prato;11,097;43,881
Q279;Modena;10,926;44,646
Q8471;Reggio Calabria;15,650;38,114
Q13360;Reggio Emilia;10,633;44,700
Q3437;Perugia;12,389;43,112
Q13364;Ravenna;12,202;44,416
Q6761;Livorno;10,317;43,550
Q13369;Rimini;12,568;44,059
Q1083;Salerno;14,760;40,681
Q13362;Ferrara;11,620;44,835
Q72125;Giugliano in Campania;14,196;40,932
Q6252;Monza;9,274;45,584
Q13670;Syracuse;15,288;37,069
Q628;Bergamo;9,670;45,695
Q3376;Trento;11,117;46,067
Q13367;Forlì;12,041;44,223
Q13629;Sassari;8,559;40,727
Q13629;Sassari;8,559;40,727
Q6537;Vicenza;11,550;45,550
Q8621;Terni;12,650;42,567
Q6526;Bolzano;11,355;46,498
Q6046;Novara;8,617;45,450
Q13329;Piacenza;9,700;45,050
Q3415;Ancona;13,517;43,617
Q1515;Abidjan;-4,027;5,336
Q271000;Bouaké;-5,033;7,683
Q3768;Yamoussoukro;-5,274;6,816
Q3768;Yamoussoukro;-5,274;6,816
Q985627;Korhogo;-5,629;9,458
Q3768;Yamoussoukro;-5,274;6,816
Q3768;Yamoussoukro;-5,274;6,816
Q34692;Kingston;-76,793;17,971
Q846939;Spanish Town;-76,955;17,996
Q637555;Montego Bay;-77,917;18,467
Q1490;Tokyo;139,692;35,690
Q37951;Sapporo;141,354;43,062
Q26600;Fukuoka;130,402;33,590
Q48320;Kōbe;135,195;34,690
Q34600;Kyoto;135,768;35,012
Q134635;Saitama;139,646;35,861
Q34664;Hiroshima;132,455;34,385
Q46747;Sendai;140,869;38,268
Q170616;Chiba;140,106;35,607
Q188806;Kitakyushu;130,875;33,883
Q193428;Sakai;135,483;34,573
Q193428;Sakai;135,483;34,573
Q179691;Niigata;139,036;37,916
Q199889;Kumamoto;130,708;32,803
Q199889;Kumamoto;130,708;32,803
Q209779;Sagamihara;139,373;35,571
Q209779;Sagamihara;139,373;35,571
Q200078;Okayama;133,920;34,655
Q174691;Shizuoka;138,383;34,976
Q271417;Funabashi;139,983;35,695
Q15674;Kagoshima;130,557;31,597
Q387136;Kawaguchi;139,724;35,808
Q208863;Hachiōji;139,316;35,666
Q209801;Himeji;134,685;34,815
Q200589;Utsunomiya;139,883;36,555
Q200022;Matsuyama;132,766;33,839
Q320943;Matsudo;139,903;35,788
Q209785;Ichikawa;139,931;35,722
Q243863;Higashiōsaka;135,601;34,679
Q243853;Nishinomiya;135,342;34,738
Q199609;Ōita;131,609;33,240
Q467487;Kurashiki;133,772;34,585
Q191130;Kanazawa;136,657;36,561
Q661038;Fukuyama;133,362;34,486
Q213318;Amagasaki;135,406;34,734
Q386661;Fujisawa;139,491;35,339
Q210628;Machida;139,439;35,547
Q319743;Kashiwa;139,976;35,868
Q146790;Aomori;140,747;40,822
Q201117;Toyota;137,156;35,082
Q200707;Takamatsu;134,047;34,343
Q204266;Toyama;137,214;36,696
Q38234;Nagasaki;129,878;32,750
Q467479;Toyonaka;135,470;34,782
Q45798;Gifu;136,759;35,426
Q204308;Miyazaki;131,420;31,908
Q270912;Hirakata;135,651;34,814
Q200578;Yokosuka;139,672;35,281
Q242783;Okazaki;137,173;34,955
Q653510;Suita;135,517;34,759
Q3805;Amman;35,933;31,950
Q194165;Irbid;35,850;32,556
Q180522;Aqaba;35,000;29,517
Q1520;Astana;71,433;51,133
Q485496;Shymkent;69,600;42,300
Q484706;Karaganda;73,117;49,800
Q477232;Aktobe;57,230;50,284
Q486282;Pavlodar;76,956;52,316
Q486545;Taraz;71,367;42,883
Q61944;Semey;80,228;50,411
Q162548;Oskemen;82,617;49,950
Q486913;Atyrau;51,883;47,117
Q486913;Atyrau;51,883;47,117
Q491123;Kyzylorda;65,500;44,848
Q487439;Oral;51,373;51,223
Q848638;Turkistan;68,269;43,302
Q488990;Kostanay;63,625;53,214
Q488379;Petropavl;69,141;54,862
Q487439;Oral;51,373;51,223
Q487439;Oral;51,373;51,223
Q487439;Oral;51,373;51,223
Q1001104;Temirtau;72,965;50,055
Q1001104;Temirtau;72,967;50,067
Q198989;Aktau;51,158;43,653
Q487439;Oral;51,373;51,223
Q486913;Atyrau;51,883;47,117
Q848638;Turkistan;68,269;43,302
Q496442;Ekibastuz;75,327;51,730
Q486913;Atyrau;51,883;47,117
Q486913;Atyrau;51,883;47,117
Q490643;Kokshetau;69,397;53,282
Q486913;Atyrau;51,883;47,117
Q3870;Nairobi;36,817;-1,286
Q225641;Mombasa;39,667;-4,050
Q214485;Kisumu;34,750;-0,100
Q239421;Nakuru;36,067;-0,283
Q322149;Eldoret;35,283;0,517
Q693093;Machakos;37,267;-1,517
Q31926034;Zaragoza City;-0,878;41,654
Q893274;Bor;31,550;6,217
Q383622;Pakse;105,783;15,117
Q31926034;Zaragoza City;-0,878;41,654
Q25270;Prishtina;21,167;42,667
Q35178;Kuwait City;47,980;29,375
Q9361;Bishkek;74,567;42,867
Q47282;Osh;72,783;40,533
Q47282;Osh;72,783;40,533
Q9326;Vientiane;102,600;17,967
Q750443;Savannakhet;104,750;16,550
Q383622;Pakse;105,783;15,117
Q3820;Beirut;35,513;33,887
Q82070;Tyre;35,200;33,267
Q26155;Jounieh;35,616;33,970
Q3909;Maseru;27,480;-29,310
Q3748;Monrovia;-10,805;6,311
Q3579;Tripoli;13,187;32,875
Q40816;Benghazi;20,067;32,117
Q867102;Gharyan;13,017;32,167
Q182092;Tobruk;23,950;32,083
Q192918;Sabratha;12,488;32,793
Q192918;Sabratha;12,485;32,805
Q216;Vilnius;25,280;54,687
Q4115712;Kaunas;23,933;54,900
Q776965;Klaipėda;21,143;55,708
Q134712;Šiauliai;23,317;55,928
Q1842;Luxembourg;6,133;49,611
Q3915;Antananarivo;47,521;-18,939
Q3915;Antananarivo;47,521;-18,939
Q3915;Antananarivo;47,521;-18,939
Q583184;Antsirabe;47,033;-19,867
Q178067;Toamasina;49,402;-18,149
Q188693;Blantyre;35,006;-15,786
Q3876;Lilongwe;33,783;-13,983
Q502216;Mzuzu;34,033;-11,450
Q219117;Zomba;35,333;-15,383
Q1865;Kuala Lumpur;101,695;3,148
Q856003;Klang;101,450;3,033
Q271619;Ipoh;101,070;4,600
Q876876;Subang Jaya;101,594;3,064
Q61092;Georgetown;100,329;5,415
Q864965;Petaling Jaya;101,607;3,107
Q651131;Kota Bharu;102,250;6,133
Q847610;Seremban;101,938;2,730
Q137203;Sandakan;118,117;5,839
Q220445;Kuching;110,344;1,558
Q846502;Kuala Terengganu;103,141;5,330
Q986803;Miri;114,009;4,415
Q1018501;Lahad Datu;118,340;5,030
Q995163;Tawau;117,891;4,245
Q995163;Tawau;117,883;4,298
Q9347;Malé;73,508;4,175
Q192213;Holon;34,767;32,017
Q3688;Nouakchott;-15,979;18,086
Q492778;Kiffa;-11,404;16,616
Q3929;Port Louis;57,499;-20,162
Q1489;Mexico City;-99,146;19,419
Q189128;León de Los Aldama;-101,683;21,122
Q147402;Zapopan;-103,392;20,720
Q9022;Guadalajara;-103,392;20,667
Q9022;Guadalajara;-103,348;20,677
Q125293;Puebla City;-98,218;19,051
Q26590;Ciudad Juárez;-106,487;31,739
Q81033;Monterrey;-100,309;25,671
Q199440;Mexicali;-115,468;32,663
Q200805;Aguascalientes City;-102,296;21,881
Q2110515;Naucalpan de Juárez;-99,240;19,479
Q2110515;Naucalpan de Juárez;-99,234;19,479
Q2110515;Naucalpan de Juárez;-99,233;19,483
Q2110515;Naucalpan de Juárez;-99,240;19,479
Q2110515;Naucalpan de Juárez;-99,234;19,479
Q2110515;Naucalpan de Juárez;-99,233;19,483
Q2110515;Naucalpan de Juárez;-99,240;19,479
Q2110515;Naucalpan de Juárez;-99,234;19,479
Q2110515;Naucalpan de Juárez;-99,233;19,483
Q165204;Mérida;-89,620;20,970
Q8969;Cancun;-86,825;21,161
Q61302;Chihuahua City;-106,076;28,637
Q53077;Saltillo;-100,992;25,423
Q189138;Hermosillo;-110,958;29,075
Q204271;San Luis Potosí;-100,975;22,150
Q386991;Torreón;-103,419;25,544
Q938835;Guadalupe;-100,260;25,678
Q81398;Acapulco;-99,890;16,863
Q81398;Acapulco;-99,887;16,863
Q155277;Tlaquepaque;-103,364;20,603
Q112813;Durango;-104,654;24,023
Q816845;Irapuato;-101,348;20,674
Q738303;Reynosa;-98,278;26,092
Q207429;Tuxtla Gutiérrez;-93,116;16,753
Q1798559;Tonalá;-103,234;20,624
Q738353;Matamoros;-97,504;25,880
Q1798559;Tonalá;-103,234;20,624
Q740477;Tultitlán de Mariano Escobedo;-99,169;19,645
Q40194;Mazatlán;-106,410;23,241
Q914055;San Nicolás de los Garza;-100,283;25,750
Q173270;Veracruz;-96,153;19,190
Q221051;Xalapa;-96,916;19,531
Q207972;Tepic;-104,900;21,500
Q991006;Minatitlán;-94,545;17,985
Q210886;Villahermosa;-92,919;17,988
Q399270;Uruapan;-102,063;19,421
Q681340;Ciudad Obregón;-109,941;27,486
Q502023;Coatzacoalcos;-94,463;18,136
Q1962104;Chalco de Díaz Covarrubias;-98,898;19,265
Q1798241;Santa Catarina;-100,458;25,673
Q21197;Chișinău;28,835;47,023
Q132572;Tiraspol;29,633;46,850
Q23430;Ulaanbaatar;106,906;47,921
Q230628;Erdenet;104,044;49,028
Q230628;Erdenet;104,083;49,033
Q23564;Podgorica;19,266;42,440
Q126148;Tangier;-5,804;35,777
Q101625;Marrakesh;-7,981;31,629
Q466046;Salé;-6,817;34,050
Q3551;Rabat;-6,836;34,025
Q178663;Meknes;-5,550;33,883
Q193802;Oujda;-1,911;34,687
Q478207;Kenitra;-6,583;34,250
Q2329701;Taourirt;-2,890;34,410
Q1635606;Temara;-6,908;33,923
Q183405;Safi;-9,233;32,283
Q47837;Laayoune;-13,200;27,150
Q647417;Mohammedia;-7,383;33,683
Q219583;El Jadida;-8,523;33,234
Q2384142;Ait Melloul;-9,497;30,334
Q824594;Nador;-2,933;35,167
Q574469;Taza;-4,009;34,214
Q818019;Settat;-7,620;33,002
Q2191860;Berrechid;-7,587;33,270
Q1046653;Khemisset;-6,060;33,810
Q842806;Guelmim;-10,067;28,983
Q990115;Khenifra;-5,660;32,930
Q2294847;Bouskoura;-7,649;33,449
Q3889;Maputo;32,576;-25,915
Q3889;Maputo;32,576;-25,915
Q3889;Maputo;32,576;-25,915
Q109949;Matola;32,467;-25,967
Q3889;Maputo;32,576;-25,915
Q323801;Nampula;39,267;-15,117
Q211563;Beira;34,850;-19,833
Q211563;Beira;34,850;-19,833
Q638509;Chimoio;33,450;-19,117
Q318306;Quelimane;36,887;-17,876
Q388242;Tete;33,590;-16,158
Q667650;Lichinga;35,246;-13,300
Q498048;Pemba;40,517;-12,967
Q318299;Xai-Xai;33,650;-25,050
Q525118;Maxixe;35,347;-23,860
Q158467;Gwalior;78,193;26,215
Q37995;Yangon;96,160;16,795
Q37995;Yangon;96,160;16,795
Q37995;Yangon;96,160;16,795
Q37995;Yangon;96,160;16,795
Q185518;Mandalay;96,084;21,983
Q37400;Naypyidaw;96,115;19,748
Q1209404;Hpa-An;97,633;16,891
Q800122;Bago;96,498;17,343
Q1062370;Myitkyina;97,394;25,387
Q738748;Sittwe;92,897;20,144
Q1018167;Dawei;98,187;14,037
Q3935;Windhoek;17,084;-22,570
Q3935;Windhoek;17,084;-22,570
Q3935;Windhoek;17,084;-22,570
Q3935;Windhoek;17,084;-22,570
Q3935;Windhoek;17,084;-22,570
Q3935;Windhoek;17,084;-22,570
Q3037;Kathmandu;85,367;27,717
Q6647;Lalitpur;85,333;27,683
Q250220;Bharatpur;84,433;27,683
Q8247;Biratnagar;87,283;26,483
Q1447167;Bhimdatta;80,333;28,917
Q1446993;Dhangadhi;80,575;28,706
Q727;Amsterdam;4,894;52,373
Q34370;Rotterdam;4,479;51,923
Q9832;Eindhoven;5,484;51,434
Q26430;Tilburg;5,070;51,570
Q83178;Almere;5,226;52,376
Q749;Groningen;6,568;53,219
Q40844;Breda;4,776;51,589
Q9920;Haarlem;4,641;52,380
Q2766547;'s-Hertogenbosch;5,317;51,700
Q793;Zwolle;6,100;52,517
Q9777;Venlo;6,167;51,367
Q23661;Wellington;174,777;-41,289
Q79990;Christchurch;172,637;-43,531
Q200028;Hamilton;175,283;-37,783
Q207756;Tauranga;176,167;-37,686
Q133073;Dunedin;170,504;-45,874
Q3274;Managua;-86,274;12,154
Q208151;León;-86,878;12,434
Q1001914;Masaya;-86,088;11,976
Q596688;Matagalpa;-85,918;12,929
Q974354;Chinandega;-87,128;12,630
Q205648;Granada;-85,959;11,935
Q3674;Niamey;2,118;13,515
Q664550;Maradi;7,100;13,500
Q8673;Lagos;3,400;6,450
Q182984;Kano;8,517;12,000
Q3787;Abuja;7,491;9,056
Q852238;Onitsha;6,783;6,167
Q3787;Abuja;7,491;9,056
Q202162;Aba;7,367;5,117
Q500366;Ogbomosho;4,250;8,133
Q217432;Port Harcourt;7,000;4,750
Q3787;Abuja;7,491;9,056
Q583619;Owerri;7,033;5,483
Q206484;Abeokuta;3,350;7,150
Q587085;Ilorin;4,550;8,500
Q3787;Abuja;7,491;9,056
Q208318;Kaduna;7,417;10,511
Q208318;Kaduna;7,440;10,523
Q465022;Enugu;7,494;6,440
Q321079;Jos;8,883;9,933
Q180084;Ile Ife;4,567;7,467
Q3787;Abuja;7,491;9,056
Q18808;Pyongyang;125,730;39,030
Q109356;Hamhung;127,489;39,966
Q109356;Hamhung;127,533;39,917
Q109336;Chongjin;129,783;41,800
Q715946;Sunchon;125,933;39,417
Q109374;Wonsan;127,446;39,148
Q156243;Sinuiju;124,400;40,100
Q156243;Sinuiju;124,463;40,091
Q513537;Tanchon;128,911;40,458
Q716127;Kaechon;125,906;39,699
Q109386;Nampho;125,400;38,733
Q505807;Sariwon;125,759;38,504
Q489825;Kanggye;126,600;40,967
Q714865;Haeju;125,717;38,033
Q196236;Anju;125,667;39,617
Q715931;Tokchon;126,312;39,761
Q514136;Pyongsong;125,850;39,250
Q714873;Kimchaek;129,198;40,668
Q221734;Rason;130,384;42,344
Q431845;Kusong;125,167;39,967
Q714873;Kimchaek;129,198;40,668
Q489829;Hyesan;128,183;41,400
Q213169;Chongju;125,333;39,650
Q698719;Huichon;126,276;40,171
Q48888;Hoeryong;129,750;42,433
Q511352;Sinpo;128,250;40,083
Q505930;Songrim;125,633;38,733
Q494606;Munchon;127,356;39,259
Q698064;Manpo;126,290;41,157
Q384;Skopje;21,432;41,996
Q157024;Tetovo;20,971;42,010
Q3856;Nicosia;33,365;35,173
Q585;Oslo;10,739;59,913
Q26793;Bergen;5,323;60,393
Q25804;Trondheim;10,400;63,440
Q26772333;Stavanger;5,733;58,970
Q3826;Muscat;58,592;23,614
Q8660;Karachi;67,010;24,860
Q11739;Lahore;74,344;31,550
Q93230;Rawalpindi;73,068;33,601
Q243322;Gujranwala;74,183;32,150
Q1113311;Peshawar;71,568;34,014
Q185453;Multan;71,471;30,198
Q1640079;Hyderabad;68,368;25,379
Q1362;Islamabad;73,037;33,699
Q318156;Bahawalpur;71,672;29,396
Q855997;Sargodha;72,671;32,084
Q868631;Sukkur;68,867;27,700
Q696605;Larkana;68,226;27,560
Q1017651;Chiniot;72,983;31,717
Q972756;Sheikhupura;74,000;31,708
Q1026616;Jhang;72,318;31,268
Q999076;Dera Ghazi Khan;70,633;30,050
Q929062;Gujrat;74,079;32,574
Q31356;Mingora;72,360;34,772
Q1017637;Nawabshah;68,410;26,244
Q523778;Sahiwal;73,106;30,671
Q1020490;Mirpur Khas;69,011;25,527
Q1017696;Jacobabad;68,451;28,277
Q1252806;Mandi Bahauddin;73,492;32,586
Q170315;Abbottabad;73,217;34,150
Q1250417;Tando Allahyar;68,717;25,467
Q1249888;Dera Ismail Khan;70,917;31,817
Q3695624;Kandhkot;69,300;28,400
Q3306;Panama City;-79,500;9,000
Q3306;Panama City;-79,500;9,000
Q12825018;Colón City;-79,900;9,360
Q36526;Port Moresby;147,149;-9,479
Q2933;Asunción;-57,633;-25,300
Q192235;Ciudad del Este;-54,617;-25,517
Q849292;Pedro Juan Caballero;-55,717;-22,567
Q8686;Shanghai;121,467;31,167
Q956;Beijing;116,408;39,904
Q16572;Guangzhou;113,260;23,130
Q15174;Shenzhen;114,054;22,535
Q11736;Tianjin;117,206;39,147
Q5826;Xi'an;108,900;34,267
Q42622;Suzhou;120,616;31,304
Q30340;Zhengzhou;113,661;34,749
Q11746;Wuhan;114,288;30,587
Q4970;Hangzhou;120,168;30,250
Q58584;Baoding;115,485;38,867
Q58401;Shijiazhuang;114,509;38,042
Q59218;Dongguan;113,749;23,047
Q170322;Qingdao;120,400;36,117
Q174091;Changsha;112,971;28,199
Q404763;Nanyang;112,529;32,999
Q42635;Wenzhou;120,656;27,999
Q34412;Foshan;113,106;23,029
Q58570;Handan;114,489;36,612
Q42780;Ningbo;121,549;29,875
Q217698;Weifang;119,100;36,717
Q185684;Hefei;117,281;31,864
Q16666;Nanjing;118,779;32,061
Q170247;Jinan;116,983;36,667
Q57719;Xuzhou;117,186;34,261
Q11720;Shenyang;123,428;41,803
Q92161;Changchun;125,323;43,880
Q92161;Changchun;125,200;43,900
Q198061;Zhoukou;114,642;33,625
Q363166;Ganzhou;114,934;25,829
Q332753;Heze;115,433;35,233
Q68695;Quanzhou;118,586;24,914
Q179608;Nanning;108,315;22,819
Q182852;Kunming;102,706;25,043
Q372791;Jining;116,567;35,400
Q68481;Fuzhou;119,292;26,077
Q360584;Fuyang;115,804;32,899
Q404817;Shangqiu;115,647;34,426
Q57947;Nantong;120,887;31,983
Q57947;Nantong;120,875;32,030
Q58422;Tangshan;118,174;39,629
Q8646;Hong Kong;114,159;22,278
Q42651;Wuxi;120,283;31,567
Q74881;Dalian;121,600;38,900
Q58695;Cangzhou;116,845;38,304
Q210493;Yantai;121,266;37,400
Q187136;Luoyang;112,424;34,659
Q58210;Jinhua;119,649;29,105
Q198240;Zhumadian;114,025;32,977
Q59144;Zhanjiang;110,403;21,197
Q2868;Lima;-77,038;-12,060
Q105037;Callao;-77,133;-12,061
Q159273;Arequipa;-71,537;-16,399
Q214173;Trujillo;-79,029;-8,112
Q260911;Chiclayo;-79,837;-6,763
Q518431;Chimbote;-78,594;-9,075
Q223966;Piura;-80,625;-5,201
Q5582862;Cuzco;-71,983;-13,522
Q468782;Huancayo;-75,217;-12,067
Q193289;Iquitos;-73,250;-3,733
Q217071;Pucallpa;-74,550;-8,383
Q696074;Juliaca;-70,127;-15,491
Q272795;Tacna;-70,248;-18,056
Q840712;Ica;-75,733;-14,067
Q927933;Tarapoto;-76,367;-6,483
Q504215;Ayacucho;-74,224;-13,163
Q205119;Cajamarca;-78,511;-7,164
Q504394;Huánuco;-76,240;-9,929
Q1026270;Paita;-81,100;-5,067
Q510413;Sullana;-80,685;-4,904
Q232842;Puno;-70,024;-15,843
Q793809;Huaraz;-77,533;-9,533
Q1461;Manila;120,977;14,596
Q270;Warsaw;21,011;52,230
Q31487;Kraków;19,937;50,061
Q580;Łódź;19,455;51,777
Q268;Poznań;16,934;52,408
Q1792;Gdańsk;18,667;54,350
Q393;Szczecin;14,555;53,425
Q41252;Bydgoszcz;18,000;53,117
Q37333;Lublin;22,567;51,250
Q761;Białystok;23,167;53,117
Q588;Katowice;19,000;50,250
Q385;Gdynia;18,532;54,519
Q103217;Częstochowa;19,122;50,810
Q104740;Radom;21,157;51,404
Q47554;Toruń;18,617;53,017
Q598;Rzeszów;22,000;50,050
Q105060;Sosnowiec;19,167;50,300
Q102317;Kielce;20,632;50,873
Q105084;Gliwice;18,650;50,301
Q82765;Olsztyn;20,494;53,780
Q106583;Bielsko-Biała;19,044;49,823
Q103892;Zabrze;18,783;50,300
Q102350;Bytom;18,923;50,347
Q104720;Zielona Góra;15,505;51,940
Q108679;Ruda Śląska;18,874;50,270
Q92212;Opole;17,925;50,672
Q11977;Tychy;19,000;50,167
Q104731;Gorzów Wielkopolski;15,250;52,733
Q108672;Dąbrowa Górnicza;19,195;50,324
Q108672;Dąbrowa Górnicza;19,237;50,318
Q108672;Dąbrowa Górnicza;19,321;50,371
Q104712;Elbląg;19,400;54,167
Q104725;Płock;19,700;52,550
Q62868;Koszalin;16,182;54,190
Q106681;Włocławek;19,050;52,650
Q110732;Wałbrzych;16,283;50,767
Q104302;Chorzów;18,963;50,288
Q104302;Chorzów;18,950;50,300
Q588;Katowice;19,000;50,250
Q597;Lisbon;-9,139;38,708
Q191135;Vila Nova de Gaia;-8,617;41,133
Q36433;Porto;-8,611;41,149
Q917535;Loures;-9,167;38,833
Q83247;Braga;-8,417;41,533
Q3344946;Braga;-8,420;41,550
Q328015;Almada;-9,158;38,680
Q841299;Matosinhos;-8,684;41,187
Q189166;Amadora;-9,233;38,750
Q983483;Gondomar;-8,533;41,150
Q990448;Seixal;-9,083;38,633
Q850837;Odivelas;-9,183;38,800
Q45412;Coimbra;-8,429;40,211
Q564813;Santa Maria da Feira;-8,533;40,933
Q917326;Vila Franca de Xira;-8,983;38,950
Q990403;Maia;-8,617;41,233
Q551658;Vila Nova de Famalicão;-8,517;41,417
Q173699;Setúbal;-8,893;38,524
Q213242;Barcelos;-8,617;41,533
Q25444;Funchal;-16,917;32,650
Q588;Katowice;19,000;50,250
Q41211;San Juan;-66,118;18,466
Q244232;Tabuk;36,579;28,397
Q144663;Hengyang;112,586;26,897
Q1761;Dublin;-6,260;53,350
Q36647;Cork;-8,473;51,900
Q3844;Brazzaville;15,271;-4,269
Q223920;Pointe-Noire;11,865;-4,789
Q193250;Bulawayo;28,567;-20,167
Q131301;Homs;36,717;34,733
Q19660;Bucharest;26,083;44,400
Q100188;Cluj-Napoca;23,559;46,780
Q83404;Timișoara;21,230;45,760
Q46852;Iași;27,589;47,162
Q79808;Constanța;28,638;44,173
Q168057;Craiova;23,817;44,333
Q82174;Brașov;25,600;45,650
Q170996;Galați;28,043;45,423
Q179585;Ploiești;26,023;44,941
Q93358;Oradea;21,921;47,072
Q188478;Brăila;27,958;45,269
Q173591;Arad;21,317;46,167
Q187938;Pitești;24,883;44,867
Q83324;Sibiu;24,150;45,800
Q10737004;Bacău;26,917;46,583
Q186349;Târgu Mureș;24,560;46,550
Q185280;Baia Mare;23,582;47,660
Q201404;Buzău;26,817;45,152
Q178855;Botoșani;26,669;47,749
Q185332;Satu Mare;22,890;47,790
Q649;Moscow;37,618;55,756
Q656;Saint Petersburg;30,317;59,950
Q883;Novosibirsk;82,917;55,033
Q891;Nizhny Novgorod;44,008;56,327
Q900;Kazan;49,114;55,791
Q898;Omsk;73,383;54,967
Q894;Samara;50,117;53,183
Q911;Ufa;55,948;54,726
Q919;Krasnoyarsk;92,872;56,009
Q919;Krasnoyarsk;92,872;56,009
Q3426;Voronezh;39,211;51,672
Q915;Perm;56,249;58,014
Q914;Volgograd;44,515;48,709
Q3646;Krasnodar;38,983;45,033
Q5332;Saratov;46,000;51,533
Q5815;Tyumen;65,533;57,150
Q5426;Izhevsk;53,217;56,850
Q6014;Barnaul;83,787;53,357
Q5627;Ulyanovsk;48,367;54,317
Q6576;Irkutsk;104,300;52,283
Q4454;Khabarovsk;135,067;48,483
Q2423;Yaroslavl;39,850;57,617
Q5168;Makhachkala;47,483;42,983
Q976;Tomsk;84,952;56,489
Q5337;Orenburg;55,100;51,767
Q2746;Ryazan;39,743;54,630
Q95041;Naberezhnye Chelny;52,333;55,700
Q3927;Astrakhan;48,035;46,350
Q5540;Penza;45,000;53,200
Q5384;Kirov;49,650;58,600
Q5470;Cheboksary;47,250;56,133
Q1829;Kaliningrad;20,500;54,717
Q2770;Tula;37,617;54,200
Q5206;Stavropol;41,983;45,050
Q6816;Ulan-Ude;107,606;51,827
Q2288;Tver;35,922;56,858
Q95449;Magnitogorsk;59,033;53,383
Q2801;Bryansk;34,367;53,250
Q183002;Surgut;73,433;61,250
Q3323;Belgorod;36,600;50,600
Q98967;Nizhny Tagil;59,967;57,917
Q2684;Vladimir;40,406;56,129
Q53139;Chita;113,500;52,033
Q2837;Kaluga;36,267;54,533
Q98995;Volzhsky;44,767;48,783
Q2337;Smolensk;32,045;54,783
Q5343;Saransk;45,183;54,183
Q6610;Yakutsk;129,732;62,027
Q13379;Kurgan;65,341;55,441
Q5196;Grozny;45,699;43,313
Q1001104;Temirtau;72,965;50,055
Q1001104;Temirtau;72,967;50,067
Q496442;Ekibastuz;75,327;51,730
Q3859;Kigali;30,061;-1,954
Q47837;Laayoune;-13,200;27,150
Q374365;Jeddah;39,173;21,543
Q35484;Medina;39,610;24,470
Q160320;Dammam;50,100;26,433
Q182640;Ta'if;40,417;21,267
Q244232;Tabuk;36,579;28,397
Q259253;Buraidah;43,967;26,333
Q759381;Khamis Mushait;42,733;18,300
Q27400;Hafar Al-Batin;45,964;28,434
Q27430;Jubail;49,667;27,000
Q12185424;Jubail;49,650;25,400
Q759381;Khamis Mushait;42,733;18,300
Q27400;Hafar Al-Batin;45,964;28,434
Q675568;Ha'il;41,683;27,517
Q466027;Yanbu;38,407;24,044
Q27174;Naŷrán;44,132;17,492
Q27138;Unaizah;43,994;26,084
Q190948;Abha;42,500;18,217
Q16123684;Al-Saih;47,305;24,148
Q27174;Naŷrán;44,132;17,492
Q311266;Al Khobar;50,217;26,300
Q16123684;Al-Saih;47,305;24,148
Q12185424;Jubail;49,650;25,400
Q626199;Arar;41,017;30,983
Q12185424;Jubail;49,650;25,400
Q27138;Unaizah;43,994;26,084
Q27138;Unaizah;43,994;26,084
Q27469;Sakakah;40,200;29,970
Q4120519;Al Hawiyah;40,498;21,441
Q626199;Arar;41,017;30,983
Q268915;Dhahran;50,150;26,267
Q27660;Jizan;42,561;16,889
Q268915;Dhahran;50,150;26,267
Q12191403;Qatif;49,997;26,575
Q27469;Sakakah;40,200;29,970
Q97290671;Qurayyat;37,343;31,332
Q27138;Unaizah;43,994;26,084
Q588;Katowice;19,000;50,250
Q3718;Dakar;-17,457;14,732
Q1019424;Rufisque;-17,267;14,717
Q202776;Ziguinchor;-16,267;12,583
Q273779;Saint-Louis;-16,500;16,033
Q847677;Kaolack;-16,076;14,139
Q847677;Kaolack;-16,073;14,152
Q910973;Diourbel;-16,231;14,655
Q3711;Belgrade;20,457;44,818
Q55630;Novi Sad;19,832;45,264
Q129259;Niš;21,896;43,319
Q167394;Kragujevac;20,939;44,014
Q170287;Subotica;19,670;46,098
Q3780;Freetown;-13,233;8,483
Q634698;Kenema;-11,183;7,883
Q334;Singapore;103,800;1,300
Q4986926;Bukit Merah;103,824;1,282
Q1780;Bratislava;17,113;48,145
Q25409;Košice;21,250;48,717
Q437;Ljubljana;14,506;46,051
Q168652;Hargeisa;44,061;9,566
Q404817;Shangqiu;115,647;34,426
Q34647;Johannesburg;28,042;-26,204
Q3926;Pretoria;28,188;-25,746
Q5468;Durban;31,025;-29,858
Q5465;Cape Town;18,424;-33,925
Q2296366;Randburg;28,006;-26,094
Q125434;Port Elizabeth;25,600;-33,958
Q37701;Bloemfontein;26,217;-29,100
Q1054450;Centurion;28,189;-25,860
Q1026420;Sandton;28,052;-26,107
Q818106;Benoni;28,321;-26,188
Q370456;George;22,450;-33,967
Q605167;Potchefstroom;27,103;-26,715
Q575780;Upington;21,243;-28,457
Q1018144;Paarl;18,956;-33,724
Q1020192;Uitenhage;25,400;-33,750
Q8684;Seoul;126,990;37,560
Q20927;Daegu;128,602;35,872
Q41283;Gwangju;126,917;35,167
Q20921;Daejeon;127,385;36,351
Q20714;Suwon;127,010;37,286
Q41278;Ulsan;129,317;35,550
Q42061;Goyang;126,835;37,656
Q42108;Seongnam;127,138;37,439
Q42108;Seongnam;127,138;37,439
Q42147;Cheongju;127,490;36,637
Q42147;Cheongju;127,490;36,637
Q42084;Namyangju;127,214;37,637
Q42140;Jeonju;127,149;35,822
Q42140;Jeonju;127,149;35,822
Q42082;Gimhae;128,881;35,234
Q42157;Pohang;129,365;36,032
Q42157;Pohang;129,365;36,032
Q42135;Uijeongbu;127,039;37,749
Q42154;Pyeongtaek;127,089;36,995
Q42142;Jeju;126,522;33,510
Q495387;Masan;128,550;35,183
Q42113;Siheung;126,803;37,380
Q42135;Uijeongbu;127,039;37,749
Q42073;Gumi;128,354;36,210
Q42153;Paju;126,817;37,833
Q42080;Gimpo;126,714;37,624
Q42144;Jinju;128,085;35,193
Q42131;Wonju;127,921;37,342
Q42114;Asan;126,917;36,350
Q42066;Gwangmyeong;126,866;37,477
Q20929;Sejong;127,282;36,487
Q42069;Gwangju;127,259;37,409
Q42137;Iksan;126,954;35,944
Q42123;Yangsan;129,039;35,339
Q42075;Gunpo;126,947;37,368
Q42148;Chuncheon;127,734;37,875
Q42059;Gyeongsan;128,733;35,817
Q42075;Gunpo;126,947;37,368
Q42074;Gunsan;126,711;35,979
Q42125;Yeosu;127,662;34,761
Q42075;Gunpo;126,947;37,368
Q42112;Suncheon;127,488;34,951
Q42097;Gyeongju;129,217;35,850
Q42057;Geoje;128,589;34,850
Q42094;Mokpo;126,389;34,794
Q42056;Gangneung;128,896;37,756
Q42129;Osan;127,069;37,145
Q31094;Chungju;127,932;36,971
Q42136;Icheon;127,443;37,279
Q42124;Yangju;127,046;37,785
Q1947;Juba;31,600;4,850
Q893274;Bor;31,550;6,217
Q220049;Malakal;31,650;9,533
Q193250;Bulawayo;28,567;-20,167
Q1001104;Temirtau;72,965;50,055
Q1001104;Temirtau;72,967;50,067
Q572380;Jizzakh;67,850;40,117
Q496442;Ekibastuz;75,327;51,730
Q31926034;Zaragoza City;-0,878;41,654
Q11959;Alicante;-0,483;38,345
Q15470;L'Hospitalet de Llobregat;2,099;41,359
Q15468;Badalona;2,233;41,433
Q12258;Sabadell;2,108;41,548
Q187826;Móstoles;-3,867;40,333
Q46940;Alcalá de Henares;-3,364;40,482
Q21414421;Oviedo City;-5,842;43,363
Q15092;Castelló de la Plana;-0,037;39,986
Q484799;Marbella;-4,883;36,511
Q116450456;Jaén City;-3,790;37,769
Q345204;Dakhla;-15,950;23,717
Q35381;Colombo;79,833;6,917
Q668616;Negombo;79,839;7,211
Q41963;Sri Jayawardenepura Kotte;79,916;6,900
Q47492;Gaza City;34,467;31,500
Q47492;Gaza City;34,450;31,517
Q47492;Gaza City;34,467;31,500
Q47492;Gaza City;34,450;31,517
Q168225;Hebron;35,099;31,535
Q172343;Rafah;34,252;31,289
Q309348;Khan Yunis;34,303;31,344
Q1963;Khartoum;32,527;15,603
Q180921;Omdurman;32,463;15,684
Q310114;Khartoum North;32,633;15,633
Q208718;Port Sudan;37,216;19,616
Q686813;Kassala;36,400;15,450
Q851576;Nyala;24,883;12,050
Q309475;Al-Ubayyid;30,217;13,183
Q3001;Paramaribo;-55,167;5,867
Q1754;Stockholm;18,069;59,329
Q25287;Gothenburg;11,968;57,708
Q25412;Västerås;16,542;59,617
Q25732;Örebro;15,197;59,267
Q25413;Linköping;15,626;58,409
Q25411;Helsingborg;12,721;56,042
Q71;Geneva;6,150;46,200
Q78;Basel;7,591;47,561
Q807;Lausanne;6,633;46,533
Q70;Bern;7,447;46,948
Q9125;Winterthur;8,727;47,499
Q41183;Aleppo;37,160;36,200
Q3766;Damascus;36,292;33,513
Q3766;Damascus;36,292;33,513
Q3766;Damascus;36,292;33,513
Q3766;Damascus;36,292;33,513
Q3766;Damascus;36,292;33,513
Q3766;Damascus;36,292;33,513
Q3766;Damascus;36,292;33,513
Q3766;Damascus;36,292;33,513
Q131301;Homs;36,717;34,733
Q200030;Latakia;35,792;35,524
Q173545;Hama;36,750;35,133
Q283368;Raqqa;39,010;35,950
Q239097;Deir ez-Zor;40,150;35,333
Q311321;Al-Hasakah;40,742;36,512
Q504657;Idlib;36,633;35,933
Q310892;al-Bab;37,518;36,373
Q403446;Douma;36,402;33,572
Q195531;Jaramana;36,350;33,483
Q75621;Salamiyah;37,053;35,011
Q238217;Daraa;36,106;32,625
Q1822816;Al-Hajar al-Aswad;36,305;33,458
Q245023;Taichung;120,679;24,144
Q181557;Kaohsiung;120,298;22,615
Q1867;Taipei;121,563;25,038
Q115256;Taoyuan;121,314;24,991
Q140631;Tainan;120,183;22,983
Q249994;Hsinchu;120,971;24,805
Q249994;Hsinchu;120,967;24,815
Q715975;Taoyuan District;121,311;24,989
Q249996;Keelung;121,742;25,128
Q713381;Taitung City;121,144;22,758
Q9365;Dushanbe;68,786;38,573
Q373808;Khujand;69,617;40,283
Q1960;Dar es Salaam;39,280;-6,816
Q4301;Arusha;36,683;-3,367
Q110218;Mwanza;32,900;-2,517
Q152902;Tanga;39,100;-5,067
Q3866;Dodoma;35,746;-6,184
Q3866;Dodoma;35,746;-6,184
Q243319;Morogoro;37,663;-6,824
Q2222874;Zanzibar City;39,200;-6,167
Q3866;Dodoma;35,746;-6,184
Q115323;Sumbawanga;31,617;-7,967
Q271733;Moshi;37,340;-3,335
Q244509;Kigoma;29,633;-4,883
Q643112;Tabora;32,800;-5,017
Q847315;Musoma;33,804;-1,507
Q1861;Bangkok;100,517;13,750
Q52028;Chiang Mai;98,983;18,789
Q768864;Nonthaburi;100,517;13,867
Q3360716;Pak Kret;100,498;13,913
Q651286;Hat Yai;100,467;7,017
Q633036;Nakhon Ratchasima;102,083;14,974
Q816331;Udon Thani;102,790;17,425
Q876526;Khon Kaen;102,830;16,430
Q876526;Khon Kaen;102,833;16,433
Q170919;Pattaya;100,893;12,950
Q1012424;Nakhon Si Thammarat;99,963;8,436
Q2467;Nassau;-77,339;25,078
Q3792;Lomé;1,223;6,132
Q3792;Lomé;1,223;6,132
Q3792;Lomé;1,223;6,132
Q3792;Lomé;1,223;6,132
Q3792;Lomé;1,223;6,132
Q132572;Tiraspol;29,633;46,850
Q3572;Tunis;10,180;36,801
Q40738;Bursa;29,081;40,191
Q6487;Antalya;30,696;36,908
Q79857;Konya;32,492;37,873
Q93338;Gaziantep;37,379;37,063
Q133118;Şanlıurfa;38,792;37,158
Q134291;Mersin;34,617;36,800
Q38545;Adana;35,313;37,003
Q83387;Diyarbakır;40,237;37,911
Q48338;Kayseri;35,488;38,723
Q160450;Samsun;36,330;41,287
Q170967;Denizli;29,088;37,773
Q168866;Eskişehir;30,521;39,777
Q122803;Erzurum;41,276;39,910
Q159835;Batman;41,133;37,883
Q134703;Kahramanmaraş;36,945;37,588
Q45301;Trabzon;39,723;41,005
Q174060;Elazığ;39,217;38,667
Q80561;Antakya;36,161;36,203
Q107401;Sivas;37,017;39,750
Q129649;İzmit;29,950;40,772
Q147089;Manisa;27,426;38,612
Q147089;Manisa;27,417;38,633
Q83061;Van;43,417;38,502
Q134287;Tarsus;34,900;36,917
Q199723;Balıkesir;27,884;39,651
Q182025;Aksaray;34,030;38,369
Q171810;Alanya;32,000;36,544
Q168197;Adıyaman;38,277;37,763
Q16895027;Merkezefendi;29,083;37,779
Q16836589;Efeler;27,850;37,850
Q166824;Afyonkarahisar;30,539;38,758
Q206900;Çorum;34,953;40,549
Q214655;Çorlu;27,803;41,160
Q175323;Adapazarı;30,403;40,776
Q343973;İnegöl;29,510;40,081
Q181379;Osmaniye;36,250;37,075
Q171031;Isparta;30,550;37,767
Q216897;Siverek;39,317;37,750
Q693929;Kızıltepe;40,586;37,194
Q189134;Uşak;29,400;38,683
Q206885;Düzce;31,158;40,842
Q194146;Niğde;34,679;37,967
Q200951;Bolu;31,600;40,733
Q182009;Tekirdağ;27,517;40,983
Q183651;Tokat;36,554;40,310
Q16897309;Süleymanpaşa;27,517;40,983
Q206891;Kırıkkale;33,514;39,842
Q497731;Viranşehir;39,765;37,231
Q6635526;Karaköprü;38,811;37,180
Q262579;Karaman;33,217;37,183
Q23438;Ashgabat;58,383;37,950
Q23438;Ashgabat;58,383;37,950
Q487684;Türkmenabat;63,567;39,100
Q487672;Daşoguz;59,983;41,817
Q5713;Mary;61,833;37,600
Q3894;Kampala;32,581;0,314
Q966819;Kira Town;32,639;0,397
Q48256;Dnipro;35,040;48,468
Q157835;Zaporizhzhya;35,118;47,850
Q157137;Kryvyi Rih;33,343;47,909
Q7525;Sevastopol;33,523;44,605
Q157144;Vinnytsia;28,467;49,237
Q157725;Chernivtsi;25,934;48,291
Q156726;Ivano-Frankivsk;24,711;48,923
Q7550;Lutsk;25,324;50,748
Q157065;Kerch;36,468;45,339
Q156711;Uzhhorod;22,295;48,624
Q33345;Yevpatoria;33,358;45,200
Q33292;Berdiansk;36,789;46,756
Q156760;Nikopol;34,400;47,567
Q161144;Alchevsk;38,798;48,467
Q193965;Kamianets-Podilskyi;26,581;48,681
Q530171;Ajman;55,480;25,399
Q612;Dubai;55,309;25,270
Q289693;Sharjah;55,392;25,358
Q234600;Al Ain;55,745;24,208
Q39121;Leeds;-1,549;53,800
Q4093;Glasgow;-4,250;55,861
Q23154;Bristol;-2,598;51,454
Q18125;Manchester;-2,233;53,467
Q42448;Sheffield;-1,470;53,381
Q24826;Liverpool;-2,992;53,408
Q23436;Edinburgh;-3,189;55,953
Q83065;Leicester;-1,133;52,633
Q6225;Coventry;-1,517;52,417
Q10690;Cardiff;-3,179;51,482
Q10686;Belfast;-5,930;54,596
Q1425428;Newcastle upon Tyne;-1,613;54,978
Q41262;Nottingham;-1,149;52,955
Q184579;Bolton;-2,433;53,583
Q1022488;Brighton and Hove;-0,153;50,828
Q188304;Sunderland;-1,380;54,900
Q79848;Southampton;-1,404;50,907
Q43382;Plymouth;-4,142;50,371
Q43475;Derby;-1,477;52,922
Q134902;Stoke-on-Trent;-2,183;53,000
Q72259;Portsmouth;-1,087;50,806
Q23051;Swansea;-3,950;51,617
Q200942;Swindon;-1,781;51,558
Q42462;York;-1,083;53,950
Q204234;Milton Keynes;-0,767;52,033
Q397343;Solihull;-1,772;52,413
Q36405;Aberdeen;-2,100;57,150
Q42462;York;-1,083;53,950
Q130191;Norwich;1,293;52,629
Q172438;Peterborough;-0,243;52,573
Q170478;Bournemouth;-1,880;50,720
Q42462;York;-1,083;53,950
Q215733;Warrington;-2,603;53,387
Q201812;Huddersfield;-1,780;53,645
Q101254;Newport;-2,998;51,589
Q123709;Dundee;-2,970;56,464
Q212826;West Bromwich;-1,983;52,517
Q170497;Gloucester;-2,244;51,864
Q746718;Birkenhead;-3,017;53,383
Q576938;Telford;-2,448;52,679
Q184090;Preston;-2,698;53,759
Q171866;Middlesbrough;-1,233;54,574
Q131491;Brighton;-0,138;50,821
Q134672;Exeter;-3,527;50,726
Q350;Cambridge;0,123;52,208
Q64116;High Wycombe;-0,752;51,622
Q211907;Slough;-0,593;51,510
Q206988;Cheltenham;-2,078;51,897
Q217039;Rotherham;-1,357;53,430
Q810196;Basingstoke;-1,088;51,267
Q60;New York City;-74,000;40,700
Q65;Los Angeles;-118,244;34,052
Q65;Los Angeles;-118,244;34,052
Q1297;Chicago;-87,650;41,850
Q16555;Houston;-95,383;29,763
Q16556;Phoenix;-112,074;33,448
Q16556;Phoenix;-112,074;33,448
Q975;San Antonio;-98,494;29,425
Q16552;San Diego;-117,163;32,715
Q16552;San Diego;-117,163;32,715
Q16557;Dallas;-96,809;32,779
Q16553;San Jose;-121,873;37,304
Q16559;Austin;-97,733;30,300
Q16568;Jacksonville;-81,650;30,317
Q16558;Fort Worth;-97,333;32,756
Q16567;Columbus;-83,001;39,962
Q6346;Indianapolis;-86,158;39,769
Q16565;Charlotte;-80,843;35,227
Q62;San Francisco;-122,416;37,778
Q5083;Seattle;-122,332;47,606
Q16554;Denver;-104,985;39,739
Q16554;Denver;-104,985;39,739
Q61;Washington, D,C,;-77,037;38,895
Q34863;Oklahoma City;-97,535;35,482
Q16562;El Paso;-106,489;31,759
Q100;Boston;-71,058;42,360
Q23197;Nashville;-86,774;36,162
Q6106;Portland;-122,667;45,517
Q23768;Las Vegas;-115,145;36,169
Q12439;Detroit;-83,048;42,332
Q16563;Memphis;-89,971;35,118
Q37836;Milwaukee;-87,950;43,050
Q34804;Albuquerque;-106,617;35,117
Q18575;Tucson;-110,926;32,222
Q18575;Tucson;-110,926;32,222
Q43301;Fresno;-119,792;36,782
Q18013;Sacramento;-121,486;38,575
Q18575;Tucson;-110,926;32,222
Q41819;Kansas City;-94,583;39,050
Q49261;Mesa;-111,831;33,415
Q23556;Atlanta;-84,390;33,757
Q23556;Atlanta;-84,390;33,757
Q43199;Omaha;-95,938;41,259
Q49258;Colorado Springs;-104,792;38,863
Q41087;Raleigh;-78,640;35,780
Q41087;Raleigh;-78,640;35,780
Q16739;Long Beach;-118,196;33,768
Q17042;Oakland;-122,250;37,800
Q49261;Mesa;-111,831;33,415
Q36091;Minneapolis;-93,269;44,982
Q1335;Montevideo;-56,167;-34,867
Q335506;Salto;-57,961;-31,388
Q869403;Ciudad de la Costa;-55,950;-34,817
Q492552;Namangan;71,673;40,995
Q5753;Samarkand;66,976;39,655
Q487656;Andijan;72,350;40,700
Q487656;Andijan;72,344;40,782
Q489898;Nukus;59,602;42,465
Q486329;Fergana;71,786;40,386
Q5764;Bukhara;64,429;39,775
Q644008;Qarshi;65,800;38,867
Q261076;Margilan;71,717;40,467
Q572380;Jizzakh;67,850;40,117
Q913406;Chirchiq;69,583;41,467
Q472925;Urgench;60,625;41,535
Q491879;Termez;67,278;37,224
Q763015;Navoiy;65,383;40,083
Q542966;Angren;70,133;41,017
Q986429;Olmaliq;69,600;40,850
Q569766;Shahrisabz;66,833;39,050
Q1533;Caracas;-66,933;10,500
Q171632;Maracaibo;-71,633;10,633
Q4709;Barquisimeto;-69,347;10,068
Q695623;Barinas;-70,217;8,633
Q507080;Ciudad Guayana;-62,690;8,322
Q2725457;Catia La Mar;-67,033;10,600
Q2725457;Catia La Mar;-67,030;10,604
Q842779;Maturín;-63,189;9,742
Q1390081;Santa Teresa del Tuy;-66,650;10,233
Q842779;Maturín;-63,189;9,742
Q391221;Barcelona;-64,683;10,133
Q333928;Maracay;-67,596;10,247
Q319476;Upata;-64,167;10,450
Q723588;Cabimas;-71,433;10,400
Q379509;Puerto la Cruz;-64,617;10,217
Q1020279;Punto Fijo;-70,183;11,717
Q820235;San Cristóbal;-72,232;7,768
Q1134454;Coro;-69,682;11,395
Q997084;Turmero;-67,475;10,228
Q695631;Los Teques;-67,041;10,341
Q1010367;Valera;-70,600;9,033
Q23551;Mérida;-71,133;8,583
Q770309;Cúa;-66,883;10,167
Q590133;La Victoria;-67,334;10,228
Q995695;Puerto Cabello;-68,017;10,467
Q995695;Puerto Cabello;-68,030;10,471
Q996478;Guarenas;-66,538;10,474
Q873405;La Guaira;-66,933;10,600
Q1552562;Guacara;-67,883;10,233
Q1552562;Guacara;-67,877;10,226
Q913356;Tocuyito;-68,092;10,089
Q338059;Acarigua;-69,202;9,560
Q990764;San Fernando de Apure;-67,473;7,894
Q733005;Guanare;-69,749;9,044
Q626670;Araure;-69,217;9,567
Q1026987;Guatire;-66,541;10,472
Q153511;Carúpano;-63,240;10,672
Q1027004;Santa Rita;-67,551;10,200
Q1026185;Calabozo;-67,428;8,922
Q1897488;Anaco;-64,467;9,433
Q3133884;Palo Negro;-67,558;10,160
Q1972757;Ocumare del Tuy;-66,781;10,114
Q1023493;Yaritagua;-69,128;10,075
Q1023493;Yaritagua;-69,126;10,080
Q1817441;Los Guayos;-67,933;10,183
Q167974;Carúpano;-72,217;7,817
Q1552906;Guasdualito;-70,729;7,247
Q3236167;Machiques;-72,567;10,067
Q979808;Cagua;-67,461;10,188
Q953490;Ciudad Ojeda;-71,300;10,200
Q1854;Ho Chi Minh City;106,702;10,776
Q1858;Hanoi;105,841;21,025
Q72818;Haiphong;106,667;20,800
Q216075;Cần Thơ;105,783;10,033
Q25282;Da Nang;108,210;16,069
Q19316;Biên Hòa;106,822;10,951
Q19491;Nha Trang;109,192;12,245
Q33682;Nam Định;106,168;20,420
Q33469;Buôn Ma Thuột;108,050;12,667
Q21194;Vũng Tàu;107,142;10,404
Q25262;Cà Mau;105,150;9,183
Q35747;Tuy Hòa;109,309;13,087
Q2987563;Sa Đéc City;105,740;10,311
Q25315;Phan Thiết;108,158;10,938
Q1877;Đồng Hới;106,600;17,483
Q1031051;Cẩm Phả;107,273;21,007
Q36160;Hội An;108,333;15,878
Q36160;Hội An;108,333;15,878
Q130324;Hòa Bình;105,338;20,818
Q345204;Dakhla;-15,950;23,717
Q2471;Sanaa;44,200;15,350
Q466216;Ta'izz;44,022;13,579
Q270041;Al Hudaydah;42,951;14,802
Q131694;Aden;45,033;12,800
Q99648;Ibb;44,167;13,967
Q955523;Dhamar;44,402;14,550
Q310772;Muklla;49,133;14,533
Q2320876;Seiyun;48,783;15,967
Q1014010;Tarim;49,000;16,050
Q377588;Sheikh Othman;45,028;12,887
Q3881;Lusaka;28,283;-15,417
Q219671;Ndola;28,634;-12,968
Q239580;Kitwe;28,212;-12,821
Q600893;Kasama, Zambia;31,178;-10,212
Q431533;Chingola;27,871;-12,545
Q1866604;Livingstone;25,867;-17,850
Q997069;Mansa;28,883;-11,182
Q636209;Mufulira;28,260;-12,555
Q854109;Luanshya;28,400;-13,133
Q216902;Kabwe;28,450;-14,433
Q3921;Harare;31,052;-17,829
Q193250;Bulawayo;28,567;-20,167
Q399322;Mutare;32,669;-18,973
Q399316;Gweru;29,820;-19,458
Q193250;Bulawayo;28,567;-20,167